<NotepadPlus>
    <UserLang name="NIP" ext="nip">
        <Settings>
            <Global caseIgnored="yes" />
            <TreatAsSymbol comment="no" commentLine="yes" />
            <Prefix words1="no" words2="no" words3="no" words4="no" />
        </Settings>
        <KeywordLists>
            <Keywords name="Delimiters">000000</Keywords>
            <Keywords name="Folder+"></Keywords>
            <Keywords name="Folder-"></Keywords>
            <Keywords name="Operators">! # &amp; ( ) | [ ] - + &lt; = &gt;</Keywords>
            <Keywords name="Comment">1 2 0//</Keywords>
			<Keywords name="Words1">amplifydamageonhit teleportcharges strength energy dexterity vitality statpts newskills hitpoints maxhp mana maxmana stamina maxstamina level experience gold goldbank itemarmorpercent enhanceddefense itemmaxdamagepercent itemmindamagepercent enhanceddamage tohit toblock mindamage maxdamage secondarymindamage secondarymaxdamage damagepercent manarecovery manarecoverybonus staminarecoverybonus lastexp nextexp armorclass defense plusdefense armorclassvsmissile armorclassvshth normaldamagereduction magicdamagereduction damageresist magicresist maxmagicresist fireresist maxfireresist lightresist maxlightresist coldresist maxcoldresist poisonresist maxpoisonresist damageaura firemindam firemaxdam lightmindam lightmaxdam magicmindam magicmaxdam coldmindam coldmaxdam coldlength poisonmindam poisonmaxdam poisonlength lifedrainmindam lifeleech lifedrainmaxdam manadrainmindam manaleech manadrainmaxdam stamdrainmindam stamdrainmaxdam stunlength velocitypercent attackrate otheranimrate quantity value durability maxdurability hpregen itemmaxdurabilitypercent itemmaxhppercent itemmaxmanapercent itemattackertakesdamage itemgoldbonus itemmagicbonus itemknockback itemtimeduration itemaddclassskills itemaddamazonskills amazonskills itemaddsorceressskills sorceressskills itemaddnecromancerskills necromancerskills itemaddpaladinskills paladinskills itemaddbarbarianskills barbarianskills itemadddruidskills druidskills itemaddassassinskills assassinskills unsentparam itemaddexperience itemhealafterkill itemreducedprices itemdoubleherbduration itemlightradius itemlightcolor itemreqpercent itemlevelreq itemfasterattackrate ias itemlevelreqpct lastblockframe itemfastermovevelocity frw itemnonclassskill plusskillguidedarrow plusskillwerewolf plusskillshapeshifting plusskilllycanthropy plusskillsummonspiritwolf plusskillinferno plusskillarcticblast state itemfastergethitrate fhr monsterplayercount skillpoisonoverridelength itemfasterblockrate fbr skillbypassundead skillbypassdemons itemfastercastrate fcr skillbypassbeasts itemsingleskill skillmagicarrow skillfirearrow skillinnersight skillcriticalstrike skilljab skillcoldarrow skillmultipleshot skilldodge skillpowerstrike skillpoisonjavelin skillexplodingarrow skillslowmissiles skillavoid skillimpale skilllightningbolt skillicearrow skillguidedarrow skillpenetrate skillchargedstrike skillplaguejavelin skillstrafe skillimmolationarrow skilldecoy skillevade skillfend skillfreezingarrow skillvalkyrie skillpierce skilllightningstrike skilllightningfury skillfirebolt skillwarmth skillchargedbolt skillicebolt skillfrozenarmor skillinferno skillstaticfield skilltelekinesis skillfrostnova skilliceblast skillblaze skillfireball skillnova skilllightning skillshiverarmor skillfirewall skillenchant skillchainlightning skillteleport skillglacialspike skillmeteor skillthunderstorm skillenergyshield skillblizzard skillchillingarmor skillfiremastery skillhydra skilllightningmastery skillfrozenorb skillcoldmastery skillamplifydamage skillteeth skillbonearmor skillskeletonmastery skillraiseskeleton skilldimvision skillweaken skillpoisondagger skillcorpseexplosion skillclaygolem skillironmaiden skillterror skillbonewall skillgolemmastery skillskeletalmage skillconfuse skilllifetap skillpoisonexplosion skillbonespear skillbloodgolem skillattract skilldecrepify skillboneprison skillsummonresist skillirongolem skilllowerresist skillpoisonnova skillbonespirit skillfiregolem skillrevive skillsacrifice skillsmite skillmight skillprayer skillresistfire skillholybolt skillholyfire skillthorns skilldefiance skillresistcold skillzeal skillcharge skillblessedaim skillcleansing skillresistlightning skillvengeance skillblessedhammer skillconcentration skillholyfreeze skillvigor skillconversion skillholyshield skillholyshock skillsanctuary skillmeditation skillfistoftheheavens skillfanaticism skillconviction skillredemption skillsalvation skillbash skillswordmastery skillaxemastery skillmacemastery skillhowl skillfindpotion skillleap skilldoubleswing skillpolearmmastery skillthrowingmastery skillspearmastery skilltaunt skillshout skillstun skilldoublethrow skillincreasedstamina skillfinditem skillleapattack skillconcentrate skillironskin skillbattlecry skillfrenzy skillincreasedspeed skillbattleorders skillgrimward skillwhirlwind skillberserk skillnaturalresistance skillwarcry skillbattlecommand skillraven skillpoisoncreeper skillwerewolf skilllycanthropy skillfirestorm skilloaksage skillsummonspiritwolf skillwerebear skillmoltenboulder skillarcticblast skillfissure skillferalrage skillmaul skillcarrionvine skillcyclonearmor skillheartofwolverine skillsummondirewolf skillrabies skillfireclaws skilltwister skillsolarcreeper skillhunger skillshockwave skillvolcano skilltornado skillspiritofbarbs skillsummongrizzly skillfury skillarmageddon skillhurricane skillfireblast skillclawmastery skillpsychichammer skilltigerstrike skilldragontalon skillshockweb skillbladesentinel skillburstofspeed skillfistsoffire skilldragonclaw skillchargedboltsentry skillwakeoffire skillweaponblock skillcloakofshadows skillcobrastrike skillbladefury skillfade skillshadowwarrior skillclawsofthunder skilldragontail skilllightningsentry skillwakeofinferno skillmindblast skillbladesofice skilldragonflight skilldeathsentry skillbladeshield skillvenom skillshadowmaster skillphoenixstrike itemrestinpeace curseresistance itempoisonlengthresist itemnormaldamage itemhowl itemstupidity itemdamagetomana itemignoretargetac itemfractionaltargetac itempreventheal itemhalffreezeduration itemtohitpercent itemdamagetargetac itemdemondamagepercent itemundeaddamagepercent itemdemontohit itemundeadtohit itemthrowable itemelemskill itemallskills itemattackertakeslightdamage ironmaidenlevel lifetaplevel thornspercent bonearmor bonearmormax itemfreeze itemopenwounds itemcrushingblow itemkickdamage itemmanaafterkill itemhealafterdemonkill itemextrablood itemdeadlystrike itemabsorbfirepercent itemabsorbfire itemabsorblightpercent itemabsorblight itemabsorbmagicpercent itemabsorbmagic itemabsorbcoldpercent itemabsorbcold itemslow itemaura mightaura holyfireaura thornsaura defianceaura concentrationaura holyfreezeaura vigoraura holyshockaura sanctuaryaura meditationaura fanaticismaura convictionaura redemptionaura itemindestructible itemcannotbefrozen itemstaminadrainpct itemreanimate itempierce itemmagicarrow itemexplosivearrow itemthrowmindamage itemthrowmaxdamage itemskillhandofathena itemskillstaminapercent itemskillpassivestaminapercent itemskillconcentration itemskillenchant itemskillpierce itemskillconviction itemskillchillingarmor itemskillfrenzy itemskilldecrepify itemskillarmorpercent alignment target target goldlost conversionlevel conversionmaxhp unitdooverlay attackvsmontype damagevsmontype fade armoroverridepercent itemaddskilltab itemaddbowandcrossbowskilltab bowandcrossbowskilltab itemaddpassiveandmagicskilltab passiveandmagicskilltab itemaddjavelinandspearskilltab javelinandspearskilltab itemaddfireskilltab fireskilltab itemaddlightningskilltab lightningskilltab itemaddcoldskilltab coldskilltab itemaddcursesskilltab cursesskilltab itemaddpoisonandboneskilltab poisonandboneskilltab itemaddnecromancersummoningskilltab necromancersummoningskilltab itemaddpalicombatskilltab palicombatskilltab itemaddoffensiveaurasskilltab offensiveaurasskilltab itemadddefensiveaurasskilltab defensiveaurasskilltab itemaddbarbcombatskilltab barbcombatskilltab itemaddmasteriesskilltab masteriesskilltab itemaddwarcriesskilltab warcriesskilltab itemadddruidsummoningskilltab druidsummoningskilltab itemaddshapeshiftingskilltab shapeshiftingskilltab itemaddelementalskilltab elementalskilltab itemaddtrapsskilltab trapsskilltab itemaddshadowdisciplinesskilltab shadowdisciplinesskilltab itemaddmartialartsskilltab martialartsskilltab itemnumsockets sockets itemskillonattack itemskillonkill itemskillondeath itemskillonhit itemskillonlevelup itemskillongethit itemchargedskill itemarmorperlevel itemarmorpercentperlevel itemhpperlevel itemmanaperlevel itemmaxdamageperlevel itemmaxdamagepercentperlevel itemstrengthperlevel itemdexterityperlevel itemenergyperlevel itemvitalityperlevel itemtohitperlevel itemtohitpercentperlevel itemcolddamagemaxperlevel itemfiredamagemaxperlevel itemltngdamagemaxperlevel itempoisdamagemaxperlevel itemresistcoldperlevel itemresistfireperlevel itemresistltngperlevel itemresistpoisperlevel itemabsorbcoldperlevel itemabsorbfireperlevel itemabsorbltngperlevel itemabsorbpoisperlevel itemthornsperlevel itemfindgoldperlevel itemfindmagicperlevel itemregenstaminaperlevel itemstaminaperlevel itemdamagedemonperlevel itemdamageundeadperlevel itemtohitdemonperlevel itemtohitundeadperlevel itemcrushingblowperlevel itemopenwoundsperlevel itemkickdamageperlevel itemdeadlystrikeperlevel itemfindgemsperlevel itemreplenishdurability itemreplenishquantity itemextrastack itemfinditem itemslashdamage itemslashdamagepercent itemcrushdamage itemcrushdamagepercent itemthrustdamage itemthrustdamagepercent itemabsorbslash itemabsorbcrush itemabsorbthrust itemabsorbslashpercent itemabsorbcrushpercent itemabsorbthrustpercent itemarmorbytime itemarmorpercentbytime itemhpbytime itemmanabytime itemmaxdamagebytime itemmaxdamagepercentbytime itemstrengthbytime itemdexteritybytime itemenergybytime itemvitalitybytime itemtohitbytime itemtohitpercentbytime itemcolddamagemaxbytime itemfiredamagemaxbytime itemltngdamagemaxbytime itempoisdamagemaxbytime itemresistcoldbytime itemresistfirebytime itemresistltngbytime itemresistpoisbytime itemabsorbcoldbytime itemabsorbfirebytime itemabsorbltngbytime itemabsorbpoisbytime itemfindgoldbytime itemfindmagicbytime itemregenstaminabytime itemstaminabytime itemdamagedemonbytime itemdamageundeadbytime itemtohitdemonbytime itemtohitundeadbytime itemcrushingblowbytime itemopenwoundsbytime itemkickdamagebytime itemdeadlystrikebytime itemfindgemsbytime itempiercecold itempiercefire itempierceltng itempiercepois itemdamagevsmonster itemdamagepercentvsmonster itemtohitvsmonster itemtohitpercentvsmonster itemacvsmonster itemacpercentvsmonster firelength burningmin burningmax progressivedamage progressivesteal progressiveother progressivefire progressivecold progressivelightning itemextracharges progressivetohit poisoncount damageframerate pierceidx passivefiremastery passiveltngmastery passivecoldmastery passivepoismastery passivefirepierce passiveltngpierce passivecoldpierce passivepoispierce passivecriticalstrike passivedodge passiveavoid passiveevade passivewarmth passivemasterymeleeth passivemasterymeleedmg passivemasterymeleecrit passivemasterythrowth passivemasterythrowdmg passivemasterythrowcrit passiveweaponblock passivesummonresist modifierlistskill modifierlistlevel lastsenthppct sourceunittype sourceunitid shortparam questitemdifficulty passivemagmastery passivemagpierce</Keywords>
            <Keywords name="Words2">shield armor gold bowquiver crossbowquiver playerbodypart herb potion ring elixir amulet charm notused boots gloves notused book belt gem torch scroll notused scepter wand staff bow axe club sword hammer knife spear polearm crossbow mace helm missilepotion quest bodypart key throwingknife throwingaxe javelin weapon meleeweapon missileweapon thrownweapon comboweapon anyarmor anyshield miscellaneous socketfiller secondhand stavesandrods missile blunt jewel classspecific amazonitem barbarianitem necromanceritem paladinitem sorceressitem assassinitem druiditem handtohand orb voodooheads auricshields primalhelm pelt cloak rune circlet healingpotion manapotion rejuvpotion staminapotion antidotepotion thawingpotion smallcharm mediumcharm largecharm amazonbow amazonspear amazonjavelin assassinclaw magicbowquiv magicxbowquiv chippedgem flawedgem standardgem flawlessgem perfectgem amethyst diamond emerald ruby sapphire topaz skull hax handaxe axe 2ax doubleaxe mpi militarypick wax waraxe lax largeaxe bax broadaxe btx battleaxe gax greataxe gix giantaxe wnd wand ywn yewwand bwn bonewand gwn grimwand clb club scp scepter gsc grandscepter wsp warscepter spc spikedclub mac mace mst morningstar fla flail whm warhammer mau maul gma greatmaul ssd shortsword scm scimitar sbr sabre flc falchion crs crystalsword bsd broadsword lsd longsword wsd warsword 2hs twohandedsword clm claymore gis giantsword bsw bastardsword flb flamberge gsd greatsword dgr dagger dir dirk kri kris bld blade tkf throwingknife tax throwingaxe bkf balancedknife bal balancedaxe jav javelin pil pilum ssp shortspear glv glaive tsp throwingspear spr spear tri trident brn brandistock spt spetum pik pike bar bardiche vou voulge scy scythe pax poleaxe hal halberd wsc warscythe sst shortstaff lst longstaff cst gnarledstaff bst battlestaff wst warstaff sbw shortbow hbw hunter&apos;sbow lbw longbow cbw compositebow sbb shortbattlebow lbb longbattlebow swb shortwarbow lwb longwarbow lxb lightcrossbow mxb crossbow hxb heavycrossbow rxb repeatingcrossbow gps rancidgaspotion ops oilpotion gpm chokinggaspotion opm explodingpotion gpl stranglinggaspotion opl fulminatingpotion d33 decoygidbinn g33 thegidbinn leg wirt&apos;sleg hdm horadricmalus hfh hellforgehammer hst horadricstaff msf shaftofthehoradricstaff 9ha hatchet 9ax cleaver 92a twinaxe 9mp crowbill 9wa naga 9la militaryaxe 9ba beardedaxe 9bt tabar 9ga gothicaxe 9gi ancientaxe 9wn burntwand 9yw petrifiedwand 9bw tombwand 9gw gravewand 9cl cudgel 9sc runescepter 9qs holywatersprinkler 9ws divinescepter 9sp barbedclub 9ma flangedmace 9mt jaggedstar 9fl knout 9wh battlehammer 9m9 warclub 9gm marteldefer 9ss gladius 9sm cutlass 9sb shamshir 9fc tulwar 9cr dimensionalblade 9bs battlesword 9ls runesword 9wd ancientsword 92h espandon 9cm dacianfalx 9gs tusksword 9b9 gothicsword 9fb zweihander 9gd executionersword 9dg poignard 9di rondel 9kr cinquedeas 9bl stiletto 9tk battledart 9ta francisca 9bk wardart 9b8 hurlbat 9ja warjavelin 9pi greatpilum 9s9 simbilan 9gl spiculum 9ts harpoon 9sr warspear 9tr fuscina 9br warfork 9st yari 9p9 lance 9b7 lochaberaxe 9vo bill 9s8 battlescythe 9pa partizan 9h9 becdecorbin 9wc grimscythe 8ss jostaff 8ls quarterstaff 8cs cedarstaff 8bs gothicstaff 8ws runestaff 8sb edgebow 8hb razorbow 8lb cedarbow 8cb doublebow 8s8 shortsiegebow 8l8 largesiegebow 8sw runebow 8lw gothicbow 8lx arbalest 8mx siegecrossbow 8hx ballista 8rx chukonu qf1 khalim&apos;sflail qf2 khalim&apos;swill ktr katar wrb wristblade axf hatchethands ces cestus clw claws btl bladetalons skr scissorskatar 9ar quhab 9wb wristspike 9xf fascia 9cs handscythe 9lw greaterclaws 9tw greatertalons 9qr scissorsquhab 7ar suwayyah 7wb wristsword 7xf warfist 7cs battlecestus 7lw feralclaws 7tw runictalons 7qr scissorssuwayyah 7ha tomahawk 7ax smallcrescent 72a ettinaxe 7mp warspike 7wa berserkeraxe 7la feralaxe 7ba silveredgedaxe 7bt decapitator 7ga championaxe 7gi gloriousaxe 7wn polishedwand 7yw ghostwand 7bw lichwand 7gw unearthedwand 7cl truncheon 7sc mightyscepter 7qs seraphrod 7ws caduceus 7sp tyrantclub 7ma reinforcedmace 7mt devilstar 7fl scourge 7wh legendarymallet 7m7 ogremaul 7gm thundermaul 7ss falcata 7sm ataghan 7sb elegantblade 7fc hydraedge 7cr phaseblade 7bs conquestsword 7ls crypticsword 7wd mythicalsword 72h legendsword 7cm highlandblade 7gs balrogblade 7b7 championsword 7fb colossussword 7gd colossusblade 7dg boneknife 7di mithrilpoint 7kr fangedknife 7bl legendspike 7tk flyingknife 7ta flyingaxe 7bk wingedknife 7b8 wingedaxe 7ja hyperionjavelin 7pi stygianpilum 7s7 balrogspear 7gl ghostglaive 7ts wingedharpoon 7sr hyperionspear 7tr stygianpike 7br mancatcher 7st ghostspear 7p7 warpike 7o7 ogreaxe 7vo colossusvoulge 7s8 thresher 7pa crypticaxe 7h7 greatpoleaxe 7wc giantthresher 6ss walkingstick 6ls stalagmite 6cs elderstaff 6bs shillelagh 6ws archonstaff 6sb spiderbow 6hb bladebow 6lb shadowbow 6cb greatbow 6s7 diamondbow 6l7 crusaderbow 6sw wardbow 6lw hydrabow 6lx pelletbow 6mx gorgoncrossbow 6hx colossuscrossbow 6rx demoncrossbow ob1 eagleorb ob2 sacredglobe ob3 smokedsphere ob4 claspedorb ob5 jared&apos;sstone am1 stagbow am2 reflexbow am3 maidenspear am4 maidenpike am5 maidenjavelin ob6 glowingorb ob7 crystallineglobe ob8 cloudysphere ob9 sparklingball oba swirlingcrystal am6 ashwoodbow am7 ceremonialbow am8 ceremonialspear am9 ceremonialpike ama ceremonialjavelin obb heavenlystone obc eldritchorb obd demonheart obe vortexorb obf dimensionalshard amb matriarchalbow amc grandmatronbow amd matriarchalspear ame matriarchalpike amf matriarchaljavelin cap skp skullcap hlm helm fhl fullhelm ghm greathelm crn crown msk mask qui quiltedarmor lea leatherarmor hla hardleatherarmor stu studdedleather rng ringmail scl scalemail chn chainmail brs breastplate spl splintmail plt platemail fld fieldplate gth gothicplate ful fullplatemail aar ancientarmor ltp lightplate buc buckler sml smallshield lrg largeshield kit kiteshield tow towershield gts gothicshield lgl leathergloves vgl heavygloves mgl chaingloves tgl lightgauntlets hgl gauntlets lbt boots vbt heavyboots mbt chainboots tbt lightplatedboots hbt greaves lbl sash vbl lightbelt mbl belt tbl heavybelt hbl platedbelt bhm bonehelm bsh boneshield spk spikedshield xap warhat xkp sallet xlm casque xhl basinet xhm wingedhelm xrn grandcrown xsk deathmask xui ghostarmor xea serpentskinarmor xla demonhidearmor xtu trellisedarmor xng linkedmail xcl tigulatedmail xhn mesharmor xrs cuirass xpl russetarmor xlt templarcoat xld sharktootharmor xth embossedplate xul chaosarmor xar ornateplate xtp mageplate xuc defender xml roundshield xrg scutum xit dragonshield xow pavise xts ancientshield xlg demonhidegloves xvg sharkskingloves xmg heavybracers xtg battlegauntlets xhg wargauntlets xlb demonhideboots xvb sharkskinboots xmb meshboots xtb battleboots xhb warboots zlb demonhidesash zvb sharkskinbelt zmb meshbelt ztb battlebelt zhb warbelt xh9 grimhelm xsh grimshield xpk barbedshield dr1 wolfhead dr2 hawkhelm dr3 antlers dr4 falconmask dr5 spiritmask ba1 jawbonecap ba2 fangedhelm ba3 hornedhelm ba4 assaulthelmet ba5 avengerguard pa1 targe pa2 rondache pa3 heraldicshield pa4 aerinshield pa5 crownshield ne1 preservedhead ne2 zombiehead ne3 unravellerhead ne4 gargoylehead ne5 demonhead ci0 circlet ci1 coronet ci2 tiara ci3 diadem uap shako ukp hydraskull ulm armet uhl giantconch uhm spiredhelm urn corona usk demonhead uui duskshroud uea wyrmhide ula scarabhusk utu wirefleece ung diamondmail ucl loricatedmail uhn boneweave urs greathauberk upl balrogskin ult hellforgeplate uld krakenshell uth lacqueredplate uul shadowplate uar sacredarmor utp archonplate uuc heater uml luna urg hyperion uit monarch uow aegis uts ward ulg bramblemitts uvg vampirebonegloves umg vambraces utg crusadergauntlets uhg ogregauntlets ulb wyrmhideboots uvb scarabshellboots umb boneweaveboots utb mirroredboots uhb myrmidongreaves ulc spiderwebsash uvc vampirefangbelt umc mithrilcoil utc trollbelt uhc colossusgirdle uh9 bonevisage ush trollnest upk bladebarrier dr6 alphahelm dr7 griffonheaddress dr8 hunter&apos;sguise dr9 sacredfeathers dra totemicmask ba6 jawbonevisor ba7 lionhelm ba8 ragemask ba9 savagehelmet baa slayerguard pa6 akarantarge pa7 akaranrondache pa8 protectorshield pa9 gildedshield paa royalshield ne6 mummifiedtrophy ne7 fetishtrophy ne8 sextontrophy ne9 cantortrophy nea hierophanttrophy drb bloodspirit drc sunspirit drd earthspirit dre skyspirit drf dreamspirit bab carnagehelm bac furyvisor bad destroyerhelm bae conquerorcrown baf guardiancrown pab sacredtarge pac sacredrondache pad kurastshield pae zakarumshield paf vortexshield neb minionskull neg hellspawnskull ned overseerskull nee succubusskull nef bloodlordskull elx elixir vps staminapotion yps antidotepotion rvs rejuvenationpotion rvl fullrejuvenationpotion wms thawingpotion tbk tomeoftownportal ibk tomeofidentify amu amulet vip topofthehoradricstaff rin ring gld gold bks scrollofinifuss bkd keytothecairnstones aqv arrows tch torch cqv bolts tsc scrolloftownportal isc scrollofidentify hrt heart brz brain jaw jawbone eyz eye hrn horn tal tail flg flag fng fang qll quill sol soul scz scalp spe spleen key luv theblacktowerkey xyz potionoflife j34 ajadefigurine g34 thegoldenbird bbb lamesen&apos;stome box horadriccube tr1 horadricscroll mss mephisto&apos;ssoulstone ass bookofskill qey khalim&apos;seye qhr khalim&apos;sheart qbr khalim&apos;sbrain ear gcv chippedamethyst gfv flawedamethyst gsv amethyst gzv flawlessamethyst gpv perfectamethyst gcy chippedtopaz gfy flawedtopaz gsy topaz gly flawlesstopaz gpy perfecttopaz gcb chippedsapphire gfb flawedsapphire gsb sapphire glb flawlesssapphire gpb perfectsapphire gcg chippedemerald gfg flawedemerald gsg emerald glg flawlessemerald gpg perfectemerald gcr chippedruby gfr flawedruby gsr ruby glr flawlessruby gpr perfectruby gcw chippeddiamond gfw flaweddiamond gsw diamond glw flawlessdiamond gpw perfectdiamond hp1 minorhealingpotion hp2 lighthealingpotion hp3 healingpotion hp4 greaterhealingpotion hp5 superhealingpotion mp1 minormanapotion mp2 lightmanapotion mp3 manapotion mp4 greatermanapotion mp5 supermanapotion skc chippedskull skf flawedskull sku skull skl flawlessskull skz perfectskull hrb herb cm1 smallcharm cm2 largecharm cm3 grandcharm r01 elrune r02 eldrune r03 tirrune r04 nefrune r05 ethrune r06 ithrune r07 talrune r08 ralrune r09 ortrune r10 thulrune r11 amnrune r12 solrune r13 shaelrune r14 dolrune r15 helrune r16 iorune r17 lumrune r18 korune r19 falrune r20 lemrune r21 pulrune r22 umrune r23 malrune r24 istrune r25 gulrune r26 vexrune r27 ohmrune r28 lorune r29 surrune r30 berrune r31 jahrune r32 chamrune r33 zodrune jew jewel ice malah&apos;spotion 0sc scrollofknowledge tr2 scrollofresistance pk1 keyofterror pk2 keyofhate pk3 keyofdestruction dhn diablo&apos;shorn bey baal&apos;seye mbr mephisto&apos;sbrain toa tokenofabsolution tes twistedessenceofsuffering ceh chargedessenceofhatred bet burningessenceofterror fed festeringessenceofdestruction std standardofheroes HandAxe Axe DoubleAxe MilitaryPick WarAxe LargeAxe BroadAxe BattleAxe GreatAxe GiantAxe Wand YewWand BoneWand GrimWand Club Scepter GrandScepter WarScepter SpikedClub Mace MorningStar Flail WarHammer Maul GreatMaul ShortSword Scimitar Sabre Falchion CrystalSword BroadSword LongSword WarSword Two-handedSword Claymore GiantSword BastardSword Flamberge GreatSword Dagger Dirk Kris Blade ThrowingKnife ThrowingAxe BalancedKnife BalancedAxe Javelin Pilum ShortSpear Glaive ThrowingSpear Spear Trident Brandistock Spetum Pike Bardiche Voulge Scythe PoleAxe Halberd WarScythe ShortStaff LongStaff GnarledStaff BattleStaff WarStaff ShortBow Hunter&apos;sBow LongBow CompositeBow ShortBattleBow LongBattleow ShortWarBow LongWarBow LightCrossBow CrossBow HeavyCrossBow RepeatingCrossBow RancidGasPotion OilPotion ChokingGasPotion ExplodingPotion StranglingGasPotion FulminatingPotion DecoyGidbinn TheGidbinn Wirt&apos;sLeg HoradricMalus HellforgeHammer HoradricStaff ShaftOfTheHoradricStaff Hatchet Cleaver TwinAxe Crowbill Naga MilitaryAxe BeardedAxe Tabar GothicAxe AncientAxe BurntWand PetrifiedWand TombWand GraveWand Cudgel RuneScepter HolyWaterSprinkler DivineScepter BarbedClub FlangedMace JaggedStar Knout BattleHammer WarClub MartelDeFer Gladius Cutlass Shamshir Tulwar DimensionalBlade BattleSword RuneSword AncientSword Espandon DacianFalx TuskSword GothicSword Zweihander ExecutionerSword Poignard Rondel Cinquedeas Stiletto BattleDart Francisca Wardart Hurlbat WarJavelin GreatPilum Simbilan Spiculum Harpoon WarSpear Fuscina Warfork Yari Lance LochaberAxe Bill BattleScythe Partizan Bec-De-Corbin GrimScythe JoStaff QuarterStaff CedarStaff GothicStaff RuneStaff EdgeBow RazorBow CedarBow DoubleBow ShortSiegeBow LargeSiegeBow RuneBow GothicBow Arbalest SiegeCrossbow Ballista Chu-ko-nu Khalim&apos;sFlail Khalim&apos;sWill Katar WristBlade HatchetHands Cestus Claws BladeTalons ScissorsKatar Quhab WristSpike Fascia HandScythe GreaterClaws GreaterTalons ScissorsQuhab Suwayyah WristSword WarFist BattleCestus FeralClaws RunicTalons ScissorsSuwayyah Tomahawk SmallCrescent EttinAxe WarSpike BerserkerAxe FeralAxe Silver-EdgedAxe Decapitator ChampionAxe GloriousAxe PolishedWand GhostWand LichWand UnearthedWand Truncheon MightyScepter Seraphrod Caduceus TyrantClub Reinforcedmace DevilStar Scourge LegendaryMallet OgreMaul ThunderMaul Falcata Ataghan ElegantBlade HydraEdge PhaseBlade ConquestSword CrypticSword MythicalSword LegendSword HighlandBlade BalrogBlade ChampionSword ColossusSword ColossusBlade BoneKnife MithrilPoint FangedKnife LegendSpike FlyingKnife FlyingAxe WingedKnife WingedAxe HyperionJavelin StygianPilum BalrogSpear GhostGlaive WingedHarpoon HyperionSpear StygianPike Mancatcher GhostSpear WarPike OgreAxe ColossusVoulge Thresher CrypticAxe GreatpoleAxe GiantThresher WalkingStick Stalagmite ElderStaff Shillelagh ArchonStaff SpiderBow BladeBow ShadowBow GreatBow DiamondBow CrusaderBow WardBow HydraBow PelletBow GorgonCrossBow ColossusCrossBow DemonCrossBow EagleOrb SacredGlobe SmokedSphere ClaspedOrb Jared&apos;sStone StagBow ReflexBow MaidenSpear MaidenPike MaidenJavelin GlowingOrb CrystallineGlobe CloudySphere SparklingBall SwirlingCrystal AshwoodBow CeremonialBow CeremonialSpear CeremonialPike CeremonialJavelin HeavenlyStone EldritchOrb DemonHeart VortexOrb DimensionalShard MatriarchalBow GrandmatronBow MatriarchalSpear MatriarchalPike MatriarchalJavelin Cap SkullCap Helm FullHelm GreatHelm Crown Mask QuiltedArmor LeatherArmor HardleatherArmor StuddedLeather RingMail ScaleMail ChainMail BreastPlate SplintMail PlateMail FieldPlate GothicPlate FullPlateMail AncientArmor LightPlate Buckler SmallShield LargeShield KiteShield TowerShield GothicShield LeatherGloves HeavyGloves ChainGloves LightGauntlets Gauntlets Boots HeavyBoots ChainBoots LightPlatedBoots Greaves Sash LightBelt Belt HeavyBelt PlatedBelt BoneHelm BoneShield SpikedShield WarHat Sallet Casque Basinet WingedHelm GrandCrown DeathMask GhostArmor SerpentskinArmor DemonhideArmor TrellisedArmor LinkedMail TigulatedMail MeshArmor Cuirass RussetArmor TemplarCoat SharktoothArmor EmbossedPlate ChaosArmor OrnatePlate MagePlate Defender RoundShield Scutum DragonShield Pavise AncientShield DemonhideGloves SharkskinGloves HeavyBracers BattleGauntlets WarGauntlets DemonhideBoots SharkskinBoots MeshBoots BattleBoots WarBoots DemonhideSash SharkskinBelt MeshBelt BattleBelt WarBelt GrimHelm GrimShield BarbedShield WolfHead HawkHelm Antlers FalconMask SpiritMask JawboneCap FangedHelm HornedHelm AssaultHelmet AvengerGuard Targe Rondache HeraldicShield AerinShield CrownShield PreservedHead ZombieHead UnravellerHead GargoyleHead DemonHead Circlet Coronet Tiara Diadem Shako HydraSkull Armet GiantConch SpiredHelm Corona DemonHead DuskShroud WyrmHide ScarabHusk WireFleece DiamondMail LoricatedMail BoneWeave GreatHauberk BalrogSkin HellforgePlate KrakenShell LacqueredPlate ShadowPlate SacredArmor ArchonPlate Heater Luna Hyperion Monarch Aegis Ward BrambleMitts VampireboneGloves Vambraces CrusaderGauntlets OgreGauntlets WyrmhideBoots ScarabshellBoots BoneweaveBoots MirroredBoots MyrmidonGreaves SpiderwebSash VampirefangBelt MithrilCoil TrollBelt ColossusGirdle BoneVisage TrollNest BladeBarrier AlphaHelm GriffonHeaddress Hunter&apos;sGuise SacredFeathers TotemicMask JawboneVisor LionHelm RageMask SavageHelmet SlayerGuard AkaranTarge AkaranRondache ProtectorShield GildedShield RoyalShield MummifiedTrophy FetishTrophy SextonTrophy CantorTrophy HierophantTrophy BloodSpirit SunSpirit EarthSpirit SkySpirit DreamSpirit CarnageHelm FuryVisor DestroyerHelm ConquerorCrown GuardianCrown SacredTarge SacredRondache KurastShield ZakarumShield VortexShield MinionSkull HellspawnSkull OverseerSkull SuccubusSkull BloodlordSkull Elixir StaminaPotion AntidotePotion RejuvenationPotion FullRejuvenationPotion ThawingPotion TomeOfTownPortal TomeOfIdentify Amulet TopOfTheHoradricStaff Ring Gold ScrollOfInifuss KeyToTheCairnStones Arrows Torch Bolts ScrollOfTownPortal ScrollOfIdentify Heart Brain Jawbone Eye Horn Tail Fang Quill Soul Scalp Spleen Key TheBlackTowerKey PotionOfLife AJadeFigurine TheGoldenBird LamEsen&apos;sTome HoradricCube HoradricScroll Mephisto&apos;sSoulstone BookOfSkill Khalim&apos;sEye Khalim&apos;sHeart Khalim&apos;sBrain Ear ChippedAmethyst FlawedAmethyst Amethyst FlawlessAmethyst PerfectAmethyst ChippedTopaz FlawedTopaz Topaz FlawlessTopaz PerfectTopaz ChippedSapphire FlawedSapphire Sapphire FlawlessSapphire PerfectSapphire ChippedEmerald FlawedEmerald Emerald FlawlessEmerald PerfectEmerald ChippedRuby FlawedRuby Ruby FlawlessRuby PerfectRuby ChippedDiamond FlawedDiamond Diamond FlawlessDiamond PerfectDiamond MinorHealingPotion LightHealingPotion HealingPotion GreaterHealingPotion SuperHealingPotion MinorManaPotion LightManaPotion ManaPotion GreaterManaPotion SuperManaPotion ChippedSkull FlawedSkull Skull FlawlessSkull PerfectSkull Herb SmallCharm LargeCharm GrandCharm ElRune EldRune TirRune NefRune EthRune IthRune TalRune RalRune OrtRune ThulRune AmnRune SolRune ShaelRune DolRune HelRune IoRune LumRune KoRune FalRune LemRune PulRune UmRune MalRune IstRune GulRune VexRune OhmRune LoRune SurRune BerRune JahRune ChamRune ZodRune Jewel Malah&apos;sPotion ScrollOfKnowledge ScrollOfResistance KeyOfTerror KeyOfHate KeyOfDestruction Diablo&apos;sHorn Baal&apos;sEye Mephisto&apos;sBrain TokenofAbsolution TwistedEssenceOfSuffering ChargedEssenceOfHatred BurningEssenceOfTerror FesteringEssenceOfDestruction StandardOfHeroes</Keywords>
            <Keywords name="Words3">name quality class type flag suffix prefix</Keywords>
            <Keywords name="Words4">normal exceptional elite lowquality superior magic set rare unique crafted identified eth ethereal runeword </Keywords>
        </KeywordLists>
        <Styles>
            <WordsStyle name="DEFAULT" styleID="11" fgColor="FF0000" bgColor="FFFFFF" fontName="" fontStyle="5" />
            <WordsStyle name="FOLDEROPEN" styleID="12" fgColor="000000" bgColor="FFFFFF" fontName="" fontStyle="0" />
            <WordsStyle name="FOLDERCLOSE" styleID="13" fgColor="000000" bgColor="FFFFFF" fontName="" fontStyle="0" />
            <WordsStyle name="KEYWORD1" styleID="5" fgColor="0080FF" bgColor="FFFFFF" fontName="" fontStyle="0" />
            <WordsStyle name="KEYWORD2" styleID="6" fgColor="770077" bgColor="FFFFFF" fontName="" fontStyle="0" />
            <WordsStyle name="KEYWORD3" styleID="7" fgColor="0000FF" bgColor="FFFFFF" fontName="" fontStyle="1" />
            <WordsStyle name="KEYWORD4" styleID="8" fgColor="770077" bgColor="FFFFFF" fontName="" fontStyle="0" />
            <WordsStyle name="COMMENT" styleID="1" fgColor="007000" bgColor="FFFFFF" fontName="" fontStyle="0" />
            <WordsStyle name="COMMENT LINE" styleID="2" fgColor="007000" bgColor="FFFFFF" fontName="" fontStyle="0" />
            <WordsStyle name="NUMBER" styleID="4" fgColor="770077" bgColor="FFFFFF" fontName="" fontStyle="1" />
            <WordsStyle name="OPERATOR" styleID="10" fgColor="000000" bgColor="FFFFFF" fontName="" fontStyle="0" />
            <WordsStyle name="DELIMINER1" styleID="14" fgColor="000000" bgColor="FFFFFF" fontName="" fontStyle="0" />
            <WordsStyle name="DELIMINER2" styleID="15" fgColor="000000" bgColor="FFFFFF" fontName="" fontStyle="3" />
            <WordsStyle name="DELIMINER3" styleID="16" fgColor="000000" bgColor="FFFFFF" fontName="" fontStyle="0" />
        </Styles>
    </UserLang>
</NotepadPlus>