<NotepadPlus>
    <UserLang name="Nipper" ext=".nip" udlVersion="2.1">
        <Settings>
            <Global caseIgnored="yes" allowFoldOfComments="no" foldCompact="no" forcePureLC="0" decimalSeparator="2" />
            <Prefix Keywords1="yes" Keywords2="no" Keywords3="no" Keywords4="no" Keywords5="no" Keywords6="no" Keywords7="no" Keywords8="no" />
        </Settings>
        <KeywordLists>
            <Keywords name="Comments">00// 01 02 03 04</Keywords>
            <Keywords name="Numbers, prefix1"></Keywords>
            <Keywords name="Numbers, prefix2"></Keywords>
            <Keywords name="Numbers, extras1"></Keywords>
            <Keywords name="Numbers, extras2"></Keywords>
            <Keywords name="Numbers, suffix1"></Keywords>
            <Keywords name="Numbers, suffix2"></Keywords>
            <Keywords name="Numbers, range"></Keywords>
            <Keywords name="Operators1">&amp;&amp; == || &gt;= &lt;= &gt; &lt; + - * /</Keywords>
            <Keywords name="Operators2"></Keywords>
            <Keywords name="Folders in code1, open"></Keywords>
            <Keywords name="Folders in code1, middle"></Keywords>
            <Keywords name="Folders in code1, close"></Keywords>
            <Keywords name="Folders in code2, open"></Keywords>
            <Keywords name="Folders in code2, middle"></Keywords>
            <Keywords name="Folders in code2, close"></Keywords>
            <Keywords name="Folders in comment, open"></Keywords>
            <Keywords name="Folders in comment, middle"></Keywords>
            <Keywords name="Folders in comment, close"></Keywords>
            <Keywords name="Keywords1">Normal Exceptional Elite Key LowQuality Superior Magic Set Rare Unique Crafted Ethereal set RuneWord Runeword Weapon AmazonItem AssassinItem BarbarianItem DruidItem NecromancerItem PaladinItem SorceressItem Ring Amulet Arrows Bolts Gold Jewel SmallCharm LargeCharm GrandCharm Torch ScrollofTownPortal ScrollofIdentify key ScrollOfIdentify ScrollOfTownPortal KeyOfTerror KeyOfHate KeyOfDestruction MephistosBrain BaalsEye DiablosHorn TwistedEssenceOfSuffering ChargedEssenceOfHatred BurningEssenceOfTerror FesteringEssenceOfDestruction TokenOfAbsolution StandardOfHeroes ChippedAmethyst ChippedDiamond ChippedEmerald ChippedRuby ChippedSapphire ChippedSkull ChippedTopaz FlawedAmethyst FlawedDiamond FlawedEmerald FlawedRuby FlawedSapphire FlawedSkull FlawedTopaz Amethyst Diamond Emerald Ruby Skull Sapphire Topaz FlawlessAmethyst FlawlessDiamond FlawlessEmerald FlawlessRuby FlawlessSapphire FlawlessSkull FlawlessTopaz PerfectAmethyst PerfectDiamond PerfectEmerald PerfectRuby PerfectSapphire PerfectSkull PerfectTopaz ElRune EldRune TirRune NefRune EthRune IthRune TalRune RalRune OrtRune ThulRune AmnRune SolRune ShaelRune DolRune HelRune IoRune LumRune KoRune FalRune LemRune PulRune UmRune MalRune IstRune GulRune VexRune OhmRune LoRune SurRune BerRune JahRune ChamRune ZodRune StaminaPotion AntidotePotion ThawingPotion MinorHealingPotion LightHealingPotion HealingPotion GreaterHealingPotion SuperHealingPotion MinorManaPotion LightManaPotion ManaPotion GreaterManaPotion SuperManaPotion RejuvenationPotion FullRejuvenationPotion StranglingGasPotion ChokingGasPotion RancidGasPotion FulminatingPotion ExplodingPotion OilPotion TheGoldenBird HoradricCube AJadeFigurine LamEsensTome MephistosSoulstone BookOfSkill ScrollOfInifuss KeyToTheCairnStones PotionOfLife MalahsPotion TheGidbinn HoradricMalus HellforgeHammer ShaftOfTheHoradricStaff TopOfTheHoradricStaff KhalimsEye KhalimsHeart KhalimsBrain KhalimsWill AuricShields Targe Rondache HeraldicShield AerinShield CrownShield AkaranTarge AkaranRondache ProtectorShield GildedShield RoyalShield SacredTarge SacredRondache EliteAncientShield ZakarumShield VortexShield PlatedBelt Belt Girdle Sash Belt LightBelt HeavyBelt WarBelt DemonhideSash MeshBelt BattleBelt SharkskinBelt ColossusGirdle SpiderwebSash MithrilCoil TrollBelt VampirefangBelt AnyArmor Armor AncientArmor BreastPlate ChainMail FieldPlate FullPlateMail GothicPlate HardLeatherArmor LeatherArmor LightPlate PlateMail QuiltedArmor RingMail ScaleMail SplintMail StuddedLeather OrnatePlate TigulatedMail SerpentskinArmor MeshArmor DemonhideArmor SharktoothArmor TemplarCoat LinkedMail RussetArmor Cuirass EmbossedPlate MagePlate TellisedArmor GhostArmor ChaosArmor SacredArmor LoricatedMail Wyrmhide Boneweave ScarabHusk KrakenShell HellforgePlate DiamondMail BalrogSkin GreatHauberk LacqueredPlate ArchonPlate WireFleece DuskShroud ShadowPlate Boots PlateBoots LeatherBoots ChainBoots LightPlatedBoots HeavyBoots WarBoots DemonhideBoots MeshBoots BattleBoots SharkskinBoots MyrmidonGreaves WyrmhideBoots BoneweaveBoots MirroredBoots ScarabshellBoots Greaves Circlet Corona Tiara Diadem Gloves Gauntlets Gloves ChainGloves Bracers LightGauntlets HeavyGloves WarGauntlets DemonhideGloves HeavyBracers BattleGauntlets SharkskinGloves OgreGauntlets BrambleMitts Vambraces CrusaderGauntlets VampireboneGloves Helm BoneHelm Cap Hat Crown FullHelm GreatHelm Mask SkullCap WarHat GrimHelm Basinet WingedHelm Sallet Casque GrandCrown DeathMask Shako BoneVisage GiantConch SpiredHelm HydraSkull Armet Corona Demonhead Pelt WolfHead HawkHelm Antlers FalconMask SpiritMask AlphaHelm GriffonHeaddress HuntersGuise SacredFeathers TotemicMask BloodSpirit SunSpirit EarthSpirit SkySpirit DreamSpirit PrimalHelm JawboneCap FangedHelm HornedHelm AssaultHelmet AvengerGuard JawboneVisor LionHelm RageMask SavagHelmet SlayerGuard CarnageHelm FuryVisor DestroyerHelm ConquerorCrown GuardianCrown KurastShield AnyShield Shield BoneShield Buckler GothicShield KiteShield LargeShield SmallShield SpikedShield TowerShield DragonShield RoundShield Pavise BarbedShield Scutum GrimShield AncientShield Defender Monarch Luna Aegis BladeBarrier Hyperion TrollNest Ward Heater VoodooHeads PreservedHead ZombieHead UnravellerHead GargoyleHead DemonHead MummifiedTrophy FetishTrophy SextonTrophy CantorTrophy HierophantTrophy MinionSkull HellspawnSkull OverseerSkull SuccubusSkull BloodlordSkull AmazonBow AmazonJavelin StagBow ReflexBow AshwoodBow CeremonialBow MatriarchalBow GrandMatronBow MaidenJavelin CeremonialJavelin MatriarchalJavelin MaidenSpear MaidenPike CeremonialSpear CeremonialPike MatriarchalSpear MatriarchalPike Axe DoubleAxe EttinAxe SmallCrescent SilverEdgedAxe Decapitator ChampionAxe GloriousAxe Tomahawk FeralAxe WarSpike BerserkerAxe TwinAxe Cleaver BeardedAxe Tabar GothicAxe AncientAxe Hatchet MilitaryAxe Crowbill Naga Axe BroadAxe BattleAxe GreatAxe GiantAxe HandAxe LargeAxe MilitaryPick WarAxe Bow GreatBow BladeBow CrusaderBow ShadowBow HydraBow DiamondBow SpiderBow WardBow DoubleBow RazerBow LongSiegeBow CedarBow GothicBow ShortSiegeBow EdgeBow RuneBow CompositeBow HuntersBow LongBattleBow LongBow LongWarBow ShortBattleBow ShortBow ShortWarBow AssassinClaw HandToHand Quhab WristSpike Fascia HatchetHands BladeTalons Cestus Claws Katar ScissorsKatar WristBlade Suwayyah BattleCestus FeralClaws ScissorsSuwayyah RunicTalons WristSword WarFist HandScythe GreaterClaws ScissorsQuhab GreaterTalons Truncheon TyrantClub Cudgel BarbedClub Club WirtsLeg SpikedClub ColossusCrossbow PelletBow GorgonCrossbow DemonCrossbow Ballista Arbalest SiegeCrossbow Chu-Ko-Nu HeavyCrossbow LightCrossbow Crossbow RepeatingCrossbow Hammer ThunderMaul OgreMaul LegendaryMallet MatelDeFer WarClub BattleHammer GreatMaul HoradricMalus HellforgeHammer Maul WarHammer GhostGlaive HyperionJavelin StygianPilum BalrogSpear WingedHarpoon Spiculum WarJavelin GreatPilum Simbilan Harpoon Glaive Javelin Pilum ShortSpear ThrowingSpear Knife LegendSpike BoneKnife MithralPoint FangedKnife Stilleto Poignard Rondel Cinquedeas Blade DecoyDagger Dagger Dirk Gidbinn Kriss Scourge ReinforcedMace DevilStar Knout FlangedMace JaggedStar Flail Mace MorningStar MartelDeFer Orb EagleOrb SacredGlobe SmokedSphere ClaspedOrb DragonStone GlowingOrb CrystallineGlobe CloudySphere SparklingBall SwirlingCrystal HeavenlyStone EldritchOrb DemonHeart VortexOrb DimensionalShard Polearm GreatPoleaxe OgreAxe CrypticAxe Thresher ColossusVoulge GiantThresher LochaberAxe BecDeCorbin Partizan BattleScythe Bill GrimScythe Bardiche Halberd Poleaxe Scythe Voulge WarScythe SeraphRod MightyScepter Caduceus HolyWaterSprinkler RuneScepter DivineScepter GrandScepter Scepter WarScepter Mancatcher WarPike HyperionSpear GhostSpear StygianPike WarFork Lance WarSpear Yari Fuscina Brandistock Pike Spear Spetum Trident StavesAndRods Staff Shillelagh ElderStaff Stalagmite WalkingStick ArchonStaff GothicStaff CedarStaff Quarterstaff JoStaff RuneStaff BattleStaff GnarledStaff HoradricStaff LongStaff StaffoftheKings ShortStaff WarStaff Sword Two-HandedSword LegendSword ChampionSword ConquestSword HighlandBlade PhaseBlade ColossusSword HydraEdge ColossusBlade BalrogBlade CrypticSword ElegantBlade Ataghan Falcata MythicalSword Espadon GothicSword BattleSword DacianFalx DimensionalBlade Zweihander Tulwar ExecutionerSword TuskSword RuneSword Shamshir Cutlass Gladius AncientSword BroadSword BastardSword Claymore CrystalSword Flamberge Falchion GiantSword GreatSword LongSword Sabre Scimitar ShortSword WarSword ThrownWeapon WingedAxe FlyingAxe Hurlbat Francisca BalancedAxe ThrowingAxe WingedKnife FlyingKnife WarDart BattleDart BalancedKnife ThrowingKnife LichWand UnearthedWand PolishedWand GhostWand TombWand GraveWand BurntWand PetrifiedWand BoneWand GrimWand Wand YewWand</Keywords>
            <Keywords name="Keywords2">PlayerBodyPary ItemAura Type Name Class Quality Flag Level Prefix Suffix MaxQuantity Eth ItemAbsorbCold ItemReducedPrices ItemToHitPercent ItemAbsorbColdPercent ItemAbsorbLight ItemCrushingBlow PassiveFireMastery PassiveLtngMastery PassiveColdMastery NormalDamageReduction ItemHealAfterKill Vitality MagicDamageReduction DamageResist Defense PlusDefense FBR FHR Mana Dexterity Strength ColdResist FireResist LightResist PoisonResist MaxHP ToHit EnhancedDamage ItemReqPercent MaxDamage MinDamage Energy FCR FRW HPRegen ManaLeech LifeLeech HPregen Sockets ItemMagicBonus ItemGoldBonus ItemToHitPercentPerLevel ItemReplenishDurability EnhancedDefense ToBlock IAS ItemToHitPerLevel ItemMaxDamagePerLevel ItemReplenishQuantity MAXDamage MINDamage MaxMana PoisonMinDam PoisonMaxDam PoisonMaxDamage ManaRecovery ItemMaxManaPercent ItemDeadlyStrike ItemKnockBack ItemLevelReq PassiveLtngPierce ArmorClassVSMissile AttackVSMonType DamageVSMonType PassiveFirePierce PassiveColdPierce ItemAbsorbLightPercent PassivePoisMastery PassivePoisPierce ItemOpenWounds Description ItemLightRadius ItemDamageToMana PoisonLength StaminaRecoveryBonus LightMinDam LightMaxDam ItemSingleSkill ItemAllSkills ItemAddSkillTab ItemAddClassSkills ItemAddAmazonSkills ItemAddSorceressSkills ItemAddNecromancerSkills ItemAddPaladinSkills ItemAddBarbarianSkills ItemAddDruidSkills ItemAddAssassinSkills ItemOnClassSkill AmazonSkills BowAndCrossbowSkillTab PassiveAndMagicSkillTab JavelinAndSpearSkillTab SkillMagicArrow SkillFireArrow SkillInnerSight SkillCriticalStrike SkillJab SkillColdArrow SkillMultipleShot SkillDodge SkillPowerStrike SkillPoisonJavelin SkillExplodingArrow SkillSlowMissiles SkillAvoid SkillImpale SkillLightningBolt SkillIceArrow SkillGuidedArrow SkillPenetrate SkillChargedStrike SkillPlagueJavelin SkillStrafe SkillImmolationArrow SkillDecoy SkillEvade SkillFend SkillFreezingArrow SkillValkyrie SkillPierce SkillLightningStrike SkillLightningFury SorceressSkills FireSkillTab ColdSkillTab LightningSkillTab SkillFirebolt SkillWarmth SkillChargedBolt SkillIceBolt SkillFrozenArmor SkillInferno SkillStaticField SkillTelekinesis SkillFrostNova SkillIceBlast SkillBlaze SkillFireball SkillNova SkillLightning SkillShiverArmor SkillFirewall SkillEnchant SkillChainLightning SkillTeleport SkillGlacialSpike SkillMeteor SkillThunderstorm SkillEnergyShield SkillBlizzard SkillChillingArmor SkillFireMastery SkillHydra SkillLightningMastery SkillFrozenOrb SkillColdMastery NecromancerSkills CursesSkillTab PoisonAndBoneSkillTab NecromancerSummoningSkillTab SkillAmplifyDamage SkillTeeth SkillBoneArmor SkillSkeletonMastery SkillRaiseSkeleton SkillDimVision SkillWeaken SkillPoisonDagger SkillCorpseExplosion SkillClayGolem SkillIronMaiden SkillTerror SkillBoneWall SkillGolemMastery SkillSkeletalMage SkillConfuse SkillLifeTap SkillPoisonExplosion SkillBoneSpear SkillBloodGolem SkillAttract SkillDecrepify SkillBonePrison SkillSummonResist SkillIronGolem SkillLowerResist SkillPoisonNova SkillBoneSpirit SkillFireGolem SkillRevive PaladinSkills PaliCombatSkillTab OffensiveAurasSkillTab DefensiveAurasSkillTab SkillSacrifice SkillSmite SkillMight SkillPrayer SkillResistFire SkillHolyBolt SkillHolyFire SkillThorns SkillDefiance SkillResistCold SkillZeal SkillCharge SkillBlessedAim SkillCleansing SkillResistLightning SkillVengeance SkillBlessedHammer SkillConcentration SkillHolyFreeze SkillVigor SkillConversion SkillHolyShield SkillHolyShock SkillSanctuary SkillMeditation SkillFistOfTheHeavens SkillFanaticism SkillConviction SkillRedemption SkillSalvation BarbarianSkills BarbCombatSkillTab MasteriesSkillTab WarcriesSkillTab SkillBash SkillSwordMastery SkillAxeMastery SkillMaceMastery SkillHowl SkillFindPotion SkillLead SkillDoubleSwing SkillPolearmMastery SkillThrowingMastery SkillSpearMastery SkillSpearMastery SkillTaunt SkillShout SkillStun SkillDoubleThrow SkillIncreasedStamina SkillFindItem SkillLeapAttack SkillConcentrate SkillIronSkin SkillBattleCry SkillFrenzy SkillIncreasedSpeed SkillBattleOrders SkillGrimWard SkillWhirlwind SkillBerkser SkillNaturalResistance SkillWarCry SkillBattleCommand DruidSkills PlusSkillLycanthropy PlusSkillWerewolf DruidSummoningSkillTab ShapeShiftingSkillTab ElementalSkillTab SkillRaven SkillPoisonCreeper SkillWerewolf SkillLycanthropy SkillFirestorm SkillOakSage SkillSummonSpiritWolf SkillWerebear SkillMoltenBoulder SkillArcticBlast SkillFissue SkillFeralRage SkillMaul SkillCarrionVine SkillCycloneArmor SkillHeartOfTheWolverine SkillSummonDireWolf SkillRabies SkillFireClaws SkillTwister SkillSolarCreeper SkillHunger SkillShockwave SkillVolcano SkillTornado SkillSpiritOfBarbs SkillSummonGrizzly SkillFury SkillArmageddon SkillHurricane AssassinSkills ItemAddTrapsSkillTab TrapsSkillTab ShadowDisciplinesSkillTab MartialArtsSkillTab SkillFireBlast SkillClawMastery SkillPsychicHammer SkillTigerStrike SkillDragonTalon SkillShockWeb SkillBladeSentinel SkillBurstOfSpeed SkillFistsOfFire SkillDragonClaw SkillChargedBoltSentry SkillWakeOfFire SkillWeaponBlock SkillCloakOfShadows SkillCobraStrike SkillBladeFury SkillFade SkillShadowWarrior SkillClawsOfThunder SkillDragonTail SkillLightningSentry SkillWakeOfInferno SkillMindBlast SkillBladesOfIce SkillDragonFlight SkillDeathSenty SkillBladeShield SkillVenom SkillShadowMaster SkillPhoenixStrike PlusSkillMagicArrow PlusSkillFireArrow PlusSkillInnerSight PlusSkillCriticalStrike PlusSkillJab PlusSkillColdArrow PlusSkillMultipleShot PlusSkillDodge PlusSkillPowerStrike PlusSkillPoisonJavelin PlusSkillExplodingArrow PlusSkillSlowMissiles PlusSkillAvoid PlusSkillImpale PlusSkillLightningBolt PlusSkillIceArrow PlusSkillGuidedArrow PlusSkillPenetrate PlusSkillChargedStrike PlusSkillPlagueJavelin PlusSkillStrafe PlusSkillImmolationArrow PlusSkillDecoy PlusSkillEvade PlusSkillFend PlusSkillFreezingArrow PlusSkillValkyrie PlusSkillPierce PlusSkillLightningStrike PlusSkillLightningFury PlusSkillFirebolt PlusSkillWarmth PlusSkillChargedBolt PlusSkillIceBolt PlusSkillFrozenArmor PlusSkillInferno PlusSkillStaticField PlusSkillTelekinesis PlusSkillFrostNova PlusSkillIceBlast PlusSkillBlaze PlusSkillFireball PlusSkillNova PlusSkillLightning PlusSkillShiverArmor PlusSkillFirewall PlusSkillEnchant PlusSkillChainLightning PlusSkillTeleport PlusSkillGlacialSpike PlusSkillMeteor PlusSkillThunderstorm PlusSkillEnergyShield PlusSkillBlizzard PlusSkillChillingArmor PlusSkillFireMastery PlusSkillHydra PlusSkillLightningMastery PlusSkillFrozenOrb PlusSkillColdMastery PlusSkillAmplifyDamage PlusSkillTeeth PlusSkillBoneArmor PlusSkillSkeletonMastery PlusSkillRaiseSkeleton PlusSkillDimVision PlusSkillWeaken PlusSkillPoisonDagger PlusSkillCorpseExplosion PlusSkillClayGolem PlusSkillIronMaiden PlusSkillTerror PlusSkillBoneWall PlusSkillGolemMastery PlusSkillSkeletalMage PlusSkillConfuse PlusSkillLifeTap PlusSkillPoisonExplosion PlusSkillBoneSpear PlusSkillBloodGolem PlusSkillAttract PlusSkillDecrepify PlusSkillBonePrison PlusSkillSummonResist PlusSkillIronGolem PlusSkillLowerResist PlusSkillPoisonNova PlusSkillBoneSpirit PlusSkillFireGolem PlusSkillRevive PlusSkillSacrifice PlusSkillSmite PlusSkillMight PlusSkillPrayer PlusSkillResistFire PlusSkillHolyBolt PlusSkillHolyFire PlusSkillThorns PlusSkillDefiance PlusSkillResistCold PlusSkillZeal PlusSkillCharge PlusSkillBlessedAim PlusSkillCleansing PlusSkillResistLightning PlusSkillVengeance PlusSkillBlessedHammer PlusSkillConcentration PlusSkillHolyFreeze PlusSkillVigor PlusSkillConversion PlusSkillHolyShield PlusSkillHolyShock PlusSkillSanctuary PlusSkillMeditation PlusSkillFistOfTheHeavens PlusSkillFanaticism PlusSkillConviction PlusSkillRedemption PlusSkillSalvation PlusSkillBash PlusSkillSwordMastery PlusSkillAxeMastery PlusSkillMaceMastery PlusSkillHowl PlusSkillFindPotion PlusSkillLead PlusSkillDoubleSwing PlusSkillPolearmMastery PlusSkillThrowingMastery PlusSkillSpearMastery PlusSkillSpearMastery PlusSkillTaunt PlusSkillShout PlusSkillStun PlusSkillDoubleThrow PlusSkillIncreasedStamina PlusSkillFindItem PlusSkillLeapAttack PlusSkillConcentrate PlusSkillIronSkin PlusSkillBattleCry PlusSkillFrenzy PlusSkillIncreasedSpeed PlusSkillBattleOrders PlusSkillGrimWard PlusSkillWhirlwind PlusSkillBerkser PlusSkillNaturalResistance PlusSkillWarCry PlusSkillBattleCommand PlusSkillRaven PlusSkillPoisonCreeper PlusSkillWerewolf PlusSkillLycanthropy PlusSkillFirestorm PlusSkillOakSage PlusSkillSummonSpiritWolf PlusSkillWerebear PlusSkillMoltenBoulder PlusSkillArcticBlast PlusSkillFissue PlusSkillFeralRage PlusSkillMaul PlusSkillCarrionVine PlusSkillCycloneArmor PlusSkillHeartOfTheWolverine PlusSkillSummonDireWolf PlusSkillRabies PlusSkillFireClaws PlusSkillTwister PlusSkillSolarCreeper PlusSkillHunger PlusSkillShockwave PlusSkillVolcano PlusSkillTornado PlusSkillSpiritOfBarbs PlusSkillSummonGrizzly PlusSkillFury PlusSkillArmageddon PlusSkillHurricane PlusSkillFireBlast PlusSkillClawMastery PlusSkillPsychicHammer PlusSkillTigerStrike PlusSkillDragonTalon PlusSkillShockWeb PlusSkillBladeSentinel PlusSkillBurstOfSpeed PlusSkillFistsOfFire PlusSkillDragonClaw PlusSkillChargedBoltSentry PlusSkillWakeOfFire PlusSkillWeaponBlock PlusSkillCloakOfShadows PlusSkillCobraStrike PlusSkillBladeFury PlusSkillFade PlusSkillShadowWarrior PlusSkillClawsOfThunder PlusSkillDragonTail PlusSkillLightningSentry PlusSkillWakeOfInferno PlusSkillMindBlast PlusSkillBladesOfIce PlusSkillDragonFlight PlusSkillDeathSenty PlusSkillBladeShield PlusSkillVenom PlusSkillShadowMaster PlusSkillPhoenixStrike&#x000D;&#x000A;</Keywords>
            <Keywords name="Keywords3"></Keywords>
            <Keywords name="Keywords4"></Keywords>
            <Keywords name="Keywords5"></Keywords>
            <Keywords name="Keywords6"></Keywords>
            <Keywords name="Keywords7"></Keywords>
            <Keywords name="Keywords8"></Keywords>
            <Keywords name="Delimiters">00[ 01 02] 03( 04 05) 06 07 08 09 10 11 12 13 14 15 16 17 18 19 20 21 22 23</Keywords>
        </KeywordLists>
        <Styles>
            <WordsStyle name="DEFAULT" fgColor="000000" bgColor="FFFFFF" fontName="" fontStyle="0" nesting="0" />
            <WordsStyle name="COMMENTS" fgColor="000000" bgColor="FFFFFF" fontName="" fontStyle="0" nesting="0" />
            <WordsStyle name="LINE COMMENTS" fgColor="008040" bgColor="FFFFFF" fontName="" fontStyle="0" nesting="0" />
            <WordsStyle name="NUMBERS" fgColor="0080FF" bgColor="FFFFFF" fontName="" fontStyle="3" nesting="0" />
            <WordsStyle name="KEYWORDS1" fgColor="FF0000" bgColor="FFFFFF" fontName="" fontStyle="1" nesting="0" />
            <WordsStyle name="KEYWORDS2" fgColor="0000A0" bgColor="FFFFFF" fontName="" fontStyle="0" nesting="0" />
            <WordsStyle name="KEYWORDS3" fgColor="0000FF" bgColor="FFFFFF" fontName="" fontStyle="1" nesting="0" />
            <WordsStyle name="KEYWORDS4" fgColor="FF0000" bgColor="FFFFFF" fontName="" fontStyle="3" nesting="0" />
            <WordsStyle name="KEYWORDS5" fgColor="000000" bgColor="FFFFFF" fontName="" fontStyle="0" nesting="0" />
            <WordsStyle name="KEYWORDS6" fgColor="000000" bgColor="FFFFFF" fontName="" fontStyle="0" nesting="0" />
            <WordsStyle name="KEYWORDS7" fgColor="000000" bgColor="FFFFFF" fontName="" fontStyle="0" nesting="0" />
            <WordsStyle name="KEYWORDS8" fgColor="000000" bgColor="FFFFFF" fontName="" fontStyle="0" nesting="0" />
            <WordsStyle name="OPERATORS" fgColor="000000" bgColor="FFFFFF" fontName="" fontStyle="1" nesting="0" />
            <WordsStyle name="FOLDER IN CODE1" fgColor="000000" bgColor="FFFFFF" fontName="" fontStyle="0" nesting="0" />
            <WordsStyle name="FOLDER IN CODE2" fgColor="000000" bgColor="FFFFFF" fontName="" fontStyle="0" nesting="0" />
            <WordsStyle name="FOLDER IN COMMENT" fgColor="000000" bgColor="FFFFFF" fontName="" fontStyle="0" nesting="0" />
            <WordsStyle name="DELIMITERS1" fgColor="4F84FF" bgColor="FFFFFF" fontName="" fontStyle="1" nesting="2048" />
            <WordsStyle name="DELIMITERS2" fgColor="808080" bgColor="FFFFFF" fontName="" fontStyle="0" nesting="117443587" />
            <WordsStyle name="DELIMITERS3" fgColor="000000" bgColor="FFFFFF" fontName="" fontStyle="0" nesting="0" />
            <WordsStyle name="DELIMITERS4" fgColor="000000" bgColor="FFFFFF" fontName="" fontStyle="0" nesting="0" />
            <WordsStyle name="DELIMITERS5" fgColor="000000" bgColor="FFFFFF" fontName="" fontStyle="0" nesting="0" />
            <WordsStyle name="DELIMITERS6" fgColor="000000" bgColor="FFFFFF" fontName="" fontStyle="0" nesting="0" />
            <WordsStyle name="DELIMITERS7" fgColor="000000" bgColor="FFFFFF" fontName="" fontStyle="0" nesting="0" />
            <WordsStyle name="DELIMITERS8" fgColor="000000" bgColor="FFFFFF" fontName="" fontStyle="0" nesting="0" />
        </Styles>
    </UserLang>
</NotepadPlus>
